<?xml version="1.0" encoding="UTF-8"?>
  <SupportAssistPrebootDiagnosticLog>
    <Schema>1.0.0</Schema>
    <LogNumber>31</LogNumber>
    <LogTimeStamp>11/14/2019 06:26:21</LogTimeStamp>
    <ePSA_Data>
      <Result>Not Reported</Result>
      <ReturnCode>BOOT_HOST_OS</ReturnCode>
      <ePSAFullVersion>4304.32</ePSAFullVersion>
      <ePSAInvocationCount>1</ePSAInvocationCount>
    </ePSA_Data>
    <BIOS_Data>
      <ErrorCategory>DISPLAY_ONLY</ErrorCategory>
      <ErrorMessage><![CDATA[Time-of-day not set - please run SETUP program.
]]></ErrorMessage>
      <SOS_Available>FALSE</SOS_Available>
      <TimeOutSeconds>0</TimeOutSeconds>
    </BIOS_Data>
  </SupportAssistPrebootDiagnosticLog>
